x,mux,y,muy
0.9501,0.0043,0.178,0.00075
2.06,0.0076,0.327,0.0014
4.1,0.0081,0.68102,0.00091
3.7001,0.0049,0.554,0.0015
4.89,0.0012,0.7,0.0014
6.1001,0.0078,0.85301,0.00068
6.35,0.0047,0.91501,0.00088
7.6802,0.006,1.35,0.0012
9.4,0.0053,1.845,0.00081
10.86,0.009,1.354,0.0011